<?xml version="1.0" encoding="UTF-8"?>
<preferences>
 <debug showDebugMenu="0" />
 <systemtable>
  <columns>
   <connections preferredWidth="159" />
   <irq preferredWidth="34" />
  </columns>
 </systemtable>
 <clocktable>
  <columns>
   <clockname preferredWidth="548" />
   <clocksource preferredWidth="548" />
   <frequency preferredWidth="528" />
  </columns>
 </clocktable>
 <window width="1938" height="1048" x="-9" y="-9" />
 <library
   expandedCategories="Project,Library/Peripherals,Library,Library/Peripherals/Debug and Performance" />
 <hdlexample language="VERILOG" />
</preferences>
